{
    "components": [
        {
            "cachedName": "LWJGL 3",
            "cachedVersion": "3.3.1",
            "cachedVolatile": true,
            "dependencyOnly": true,
            "uid": "org.lwjgl3",
            "version": "3.3.1"
        },
        {
            "cachedName": "Minecraft",
            "cachedRequires": [
                {
                    "equals": "3.3.1",
                    "suggests": "3.3.1",
                    "uid": "org.lwjgl3"
                }
            ],
            "cachedVersion": "1.19.2",
            "important": true,
            "uid": "net.minecraft",
            "version": "1.19.2"
        },
        {
            "cachedName": "Intermediary Mappings",
            "cachedRequires": [
                {
                    "equals": "1.19.2",
                    "uid": "net.minecraft"
                }
            ],
            "cachedVersion": "1.19.2",
            "cachedVolatile": true,
            "dependencyOnly": true,
            "uid": "net.fabricmc.intermediary",
            "version": "1.19.2"
        },
        {
            "cachedName": "Fabric Loader",
            "cachedRequires": [
                {
                    "uid": "net.fabricmc.intermediary"
                }
            ],
            "cachedVersion": "0.14.9",
            "important": true,
            "uid": "net.fabricmc.fabric-loader",
            "version": "0.14.9"
        }
    ],
    "formatVersion": 1
}
