{
  "allowIllegalTexturePaths": false,
  "enableCustomTextures": true,
  "textureUpdateFrequency_V2": "Fast",
  "restrictUpdateProperties": true,
  "restrictBiome": true,
  "restrictHeight": true,
  "restrictBlock": true,
  "restrictWeather": true,
  "restrictDayTime": true,
  "restrictMoonPhase": true,
  "enableEmissiveTextures": true,
  "fullBrightEmissives": false,
  "specialEmissiveShield": true,
  "alwaysCheckVanillaEmissiveSuffix": true,
  "enchantedPotionEffects": "NONE",
  "skinFeaturesEnabled": true,
  "skinFeaturesEnableTransparency": true,
  "skinFeaturesEnableFullTransparency": false,
  "skinFeaturesPrintETFReadySkin": false,
  "ignoreConfigWarnings": false,
  "enableEnemyTeamPlayersSkinFeatures": true,
  "enableBlinking": true,
  "blinkFrequency": 150,
  "blinkLength": 1,
  "enableTridents": true,
  "enableElytra": true,
  "elytraThicknessFix": false,
  "debugLoggingMode": "None"
}